1.0,6
2.0,6
3.0,6
4.0,6
5.0,5
6.0,6
7.0,6
8.0,6
9.0,6
10.0,6
11.0,6
12.0,6
13.0,6
14.0,7
15.0,6
16.0,7
17.0,7
18.0,8
19.0,6
20.0,6
21.0,6
22.0,7
23.0,7
24.0,7
25.0,6
26.0,7
27.0,7
28.0,6
29.0,8
30.0,7
31.0,6
32.0,7
33.0,7
34.0,7
35.0,6
36.0,5
37.0,4
38.0,5
39.0,5
40.0,6
41.0,6
42.0,6
43.0,4
44.0,6
45.0,6
46.0,6
47.0,6
48.0,6
49.0,6
50.0,6
51.0,5
52.0,4
53.0,4
54.0,5
55.0,4
56.0,4
57.0,4
58.0,5
59.0,5
60.0,5
61.0,5
62.0,5
63.0,4
64.0,4
65.0,4
66.0,4
67.0,4
68.0,5
69.0,5
70.0,4
71.0,3
72.0,4
73.0,4
74.0,4
75.0,4
76.0,4
77.0,4
78.0,3
79.0,4
80.0,5
81.0,4
82.0,5
83.0,5
84.0,4
85.0,6
86.0,5
87.0,5
88.0,4
89.0,4
90.0,4
91.0,4
92.0,4
93.0,4
94.0,4
95.0,5
96.0,3
97.0,3
98.0,6
99.0,6
100.0,6
101.0,6
102.0,6
103.0,6
104.0,5
105.0,5
106.0,5
107.0,5
108.0,5
109.0,5
110.0,6
111.0,6
112.0,5
113.0,4
114.0,4
115.0,5
116.0,6
117.0,7
118.0,5
119.0,5
120.0,4
121.0,3
122.0,4
123.0,4
124.0,4
125.0,3
126.0,4
127.0,3
128.0,4
129.0,5
130.0,3
131.0,4
132.0,5
133.0,4
134.0,3
135.0,3
136.0,3
137.0,3
138.0,3
139.0,4
140.0,4
141.0,4
142.0,4
143.0,2
144.0,3
145.0,3
146.0,3
147.0,3
148.0,3
149.0,3
150.0,3
151.0,2
152.0,3
153.0,3
154.0,3
155.0,3
156.0,3
157.0,3
158.0,3
159.0,3
160.0,3
161.0,3
162.0,3
163.0,4
164.0,5
165.0,6
166.0,6
167.0,3
168.0,5
169.0,5
170.0,5
171.0,3
172.0,4
173.0,4
174.0,6
175.0,5
176.0,5
177.0,4
178.0,4
179.0,5
180.0,5
181.0,5
182.0,5
183.0,5
184.0,5
185.0,5
186.0,6
187.0,6
188.0,5
189.0,6
190.0,6
191.0,6
192.0,5
193.0,5
194.0,5
195.0,5
196.0,5
197.0,5
198.0,5
199.0,6
200.0,5
201.0,6
202.0,5
203.0,5
204.0,5
205.0,6
206.0,5
207.0,5
208.0,5
209.0,5
210.0,7
211.0,7
212.0,7
213.0,5
214.0,7
215.0,7
216.0,6
217.0,6
218.0,6
219.0,7
220.0,8
221.0,6
222.0,7
223.0,7
224.0,8
225.0,7
226.0,7
227.0,6
228.0,7
229.0,7
230.0,7
231.0,7
232.0,7
233.0,7
234.0,7
235.0,6
236.0,6
237.0,7
238.0,6
239.0,6
240.0,6
241.0,7
242.0,6
243.0,6
244.0,6
245.0,6
246.0,5
247.0,5
248.0,6
249.0,6
250.0,6
251.0,7
252.0,6
253.0,7
254.0,7
255.0,7
256.0,7
257.0,6
258.0,7
259.0,7
260.0,6
261.0,5
262.0,6
263.0,6
264.0,4
265.0,6
266.0,7
267.0,6
268.0,7
269.0,7
270.0,7
271.0,7
272.0,7
273.0,7
274.0,6
275.0,6
276.0,9
277.0,7
278.0,9
279.0,8
280.0,8
281.0,6
282.0,7
283.0,6
284.0,7
285.0,8
286.0,8
287.0,7
288.0,8
289.0,8
290.0,8
291.0,8
292.0,8
293.0,7
294.0,8
295.0,8
296.0,7
297.0,8
298.0,6
299.0,8
300.0,8
301.0,10
302.0,10
303.0,7
304.0,8
305.0,8
306.0,7
307.0,6
308.0,6
309.0,6
310.0,6
311.0,6
312.0,6
313.0,6
314.0,6
315.0,5
316.0,6
317.0,6
318.0,7
319.0,7
320.0,7
321.0,7
322.0,6
323.0,8
324.0,8
325.0,8
326.0,8
327.0,8
328.0,7
329.0,8
330.0,9
331.0,8
332.0,9
333.0,7
334.0,7
335.0,7
336.0,6
337.0,7
338.0,5
339.0,6
340.0,7
341.0,8
342.0,7
343.0,8
344.0,7
345.0,7
346.0,6
347.0,7
348.0,5
349.0,5
350.0,4
351.0,7
352.0,7
353.0,6
354.0,7
355.0,6
356.0,6
357.0,5
358.0,5
359.0,6
360.0,6
361.0,6
362.0,6
363.0,6
364.0,6
365.0,5
366.0,7
367.0,5
368.0,5
369.0,5
370.0,5
371.0,6
372.0,7
373.0,8
374.0,6
375.0,6
376.0,6
377.0,5
378.0,6
379.0,7
380.0,5
381.0,6
382.0,6
383.0,6
384.0,6
385.0,6
386.0,7
387.0,7
388.0,7
389.0,6
390.0,6
391.0,5
392.0,6
393.0,5
394.0,5
395.0,5
396.0,5
397.0,5
398.0,5
399.0,5
400.0,5
401.0,5
402.0,5
403.0,5
404.0,6
405.0,7
406.0,6
407.0,6
408.0,7
409.0,8
410.0,6
411.0,6
412.0,7
413.0,7
414.0,6
415.0,6
416.0,8
417.0,7
418.0,7
419.0,7
420.0,7
421.0,6
422.0,7
423.0,7
424.0,7
425.0,6
426.0,5
427.0,5
428.0,5
429.0,4
430.0,4
431.0,4
432.0,4
433.0,4
434.0,4
435.0,4
436.0,5
437.0,4
438.0,4
439.0,5
440.0,5
441.0,5
442.0,5
443.0,5
444.0,5
445.0,5
446.0,5
447.0,5
448.0,5
449.0,5
450.0,4
451.0,4
452.0,6
453.0,5
454.0,5
455.0,5
456.0,5
457.0,5
458.0,5
459.0,5
460.0,5
461.0,5
462.0,5
463.0,4
464.0,5
465.0,4
466.0,4
467.0,4
468.0,4
469.0,4
470.0,4
471.0,4
472.0,4
473.0,4
474.0,4
475.0,5
476.0,5
477.0,5
478.0,6
479.0,5
480.0,5
481.0,4
482.0,5
483.0,6
484.0,5
485.0,6
486.0,5
487.0,4
488.0,5
489.0,5
490.0,5
491.0,5
492.0,5
493.0,5
494.0,6
495.0,4
496.0,5
497.0,4
498.0,6
499.0,6
500.0,6
501.0,6
502.0,6
503.0,6
504.0,6
505.0,6
506.0,6
507.0,6
508.0,6
509.0,6
510.0,6
511.0,6
512.0,6
513.0,6
514.0,6
515.0,6
516.0,6
517.0,6
518.0,6
519.0,5
520.0,5
521.0,5
522.0,5
523.0,5
524.0,6
525.0,5
526.0,5
527.0,5
528.0,5
529.0,5
530.0,5
531.0,5
532.0,6
533.0,5
534.0,5
535.0,6
536.0,5
537.0,5
538.0,5
539.0,5
540.0,4
541.0,4
542.0,4
543.0,4
544.0,4
545.0,4
546.0,4
547.0,4
548.0,4
549.0,5
550.0,4
551.0,5
552.0,6
553.0,3
554.0,4
555.0,4
556.0,5
557.0,5
558.0,6
559.0,5
560.0,5
561.0,5
562.0,5
563.0,5
564.0,6
565.0,6
566.0,4
567.0,5
568.0,5
569.0,4
570.0,3
571.0,4
572.0,5
573.0,5
574.0,6
575.0,6
576.0,5
577.0,6
578.0,5
579.0,5
580.0,6
581.0,5
582.0,5
583.0,6
584.0,4
585.0,5
586.0,5
587.0,6
588.0,6
589.0,5
590.0,5
591.0,5
592.0,5
593.0,3
594.0,3
595.0,3
596.0,3
597.0,4
598.0,4
599.0,4
600.0,4
601.0,3
602.0,3
603.0,3
604.0,4
605.0,5
606.0,5
607.0,5
608.0,6
609.0,5
610.0,5
611.0,4
612.0,4
613.0,4
614.0,4
615.0,5
616.0,6
617.0,5
618.0,7
619.0,6
620.0,5
621.0,7
622.0,5
623.0,4
624.0,5
625.0,5
626.0,6
627.0,6
628.0,5
629.0,6
630.0,6
631.0,6
632.0,6
633.0,6
634.0,5
635.0,6
636.0,7
637.0,7
638.0,7
639.0,7
640.0,6
641.0,6
642.0,8
643.0,6
644.0,6
645.0,7
646.0,6
647.0,7
648.0,5
649.0,5
650.0,5
651.0,6
652.0,5
653.0,6
654.0,6
655.0,6
656.0,5
657.0,6
658.0,7
659.0,8
660.0,6
661.0,5
662.0,6
663.0,6
664.0,6
665.0,6
666.0,5
667.0,5
668.0,7
669.0,7
670.0,6
671.0,6
672.0,8
673.0,6
674.0,6
675.0,6
676.0,5
677.0,5
678.0,6
679.0,7
680.0,6
681.0,6
682.0,6
683.0,6
684.0,5
685.0,4
686.0,4
687.0,4
688.0,4
689.0,8
690.0,7
691.0,5
692.0,7
693.0,6
694.0,6
695.0,6
696.0,6
697.0,5
698.0,6
699.0,6
700.0,5
701.0,8
702.0,6
703.0,4
704.0,4
705.0,3
706.0,4
707.0,5
708.0,4
709.0,3
710.0,3
711.0,5
712.0,2
713.0,2
714.0,1
715.0,1
716.0,1
717.0,3
718.0,1
719.0,4
720.0,2
721.0,1
722.0,3
723.0,4
724.0,5
725.0,3
726.0,3
727.0,2
728.0,4
729.0,3
730.0,3
731.0,3
732.0,3
733.0,3
734.0,3
735.0,3
736.0,3
737.0,3
738.0,2
739.0,2
740.0,1
741.0,2
742.0,1
743.0,1
744.0,2
745.0,3
746.0,3
747.0,2
748.0,2
749.0,3
750.0,3
751.0,3
752.0,2
753.0,3
754.0,3
755.0,2
756.0,3
757.0,1
758.0,3
759.0,2
760.0,2
761.0,2
762.0,3
763.0,3
764.0,3
765.0,4
766.0,4
767.0,3
768.0,2
769.0,3
770.0,2
771.0,0
772.0,3
773.0,0
774.0,0
775.0,0
776.0,2
777.0,1
778.0,3
779.0,4
780.0,3
781.0,4
782.0,5
783.0,4
784.0,3
785.0,3
786.0,5
787.0,4
788.0,4
789.0,3
790.0,4
791.0,3
792.0,3
793.0,3
794.0,3
795.0,4
796.0,3
797.0,3
798.0,4
799.0,3
800.0,4
801.0,4
802.0,4
803.0,4
804.0,3
805.0,5
806.0,5
807.0,4
808.0,4
809.0,3
810.0,4
811.0,4
812.0,4
813.0,3
814.0,4
815.0,4
816.0,5
817.0,5
818.0,4
819.0,5
820.0,6
821.0,5
822.0,5
823.0,7
824.0,7
825.0,6
826.0,6
827.0,7
828.0,6
829.0,6
830.0,6
831.0,5
832.0,5
833.0,4
834.0,3
835.0,5
836.0,6
837.0,5
838.0,4
839.0,4
840.0,5
841.0,4
842.0,5
843.0,5
844.0,5
845.0,5
846.0,4
847.0,4
848.0,4
849.0,4
850.0,5
851.0,5
852.0,6
853.0,4
854.0,5
855.0,7
856.0,6
857.0,5
858.0,6
859.0,7
860.0,7
861.0,7
862.0,6
863.0,6
864.0,9
865.0,7
866.0,5
867.0,3
868.0,6
869.0,6
870.0,7
871.0,6
872.0,8
873.0,6
874.0,4
875.0,4
876.0,5
877.0,5
878.0,7
879.0,5
880.0,5
881.0,5
882.0,6
883.0,5
884.0,6
885.0,7
886.0,7
887.0,6
888.0,5
889.0,6
890.0,7
891.0,6
892.0,8
893.0,7
894.0,7
895.0,6
896.0,7
897.0,6
898.0,8
899.0,8
900.0,5
901.0,8
902.0,8
903.0,11
904.0,8
905.0,6
906.0,7
907.0,9
908.0,9
909.0,9
910.0,8
911.0,8
912.0,6
913.0,8
914.0,8
915.0,7
916.0,7
917.0,8
918.0,9
919.0,8
920.0,8
921.0,8
922.0,8
923.0,9
924.0,10
925.0,9
926.0,9
927.0,6
928.0,9
929.0,10
930.0,9
931.0,10
932.0,11
933.0,8
934.0,9
935.0,10
936.0,9
937.0,9
938.0,8
939.0,8
940.0,8
941.0,8
942.0,7
943.0,8
944.0,6
945.0,6
946.0,7
947.0,7
948.0,7
949.0,7
950.0,6
951.0,7
952.0,5
953.0,7
954.0,6
955.0,7
956.0,7
957.0,8
958.0,4
959.0,5
960.0,6
961.0,5
962.0,5
963.0,6
964.0,11
965.0,9
966.0,10
967.0,8
968.0,10
969.0,10
970.0,8
971.0,8
972.0,9
973.0,7
974.0,6
975.0,8
976.0,9
977.0,8
978.0,8
979.0,6
980.0,7
981.0,8
982.0,8
983.0,10
984.0,7
985.0,7
986.0,7
987.0,10
988.0,9
989.0,7
990.0,9
991.0,8
992.0,7
993.0,8
994.0,8
995.0,9
996.0,10
997.0,8
998.0,7
999.0,9
1000.0,9
1001.0,10
1002.0,9
1003.0,8
1004.0,6
1005.0,5
1006.0,8
1007.0,6
1008.0,6
1009.0,7
1010.0,6
1011.0,7
1012.0,8
1013.0,8
1014.0,7
1015.0,6
1016.0,7
1017.0,9
1018.0,7
1019.0,6
1020.0,10
1021.0,6
1022.0,8
1023.0,6
1024.0,7
1025.0,6
1026.0,6
1027.0,10
1028.0,8
1029.0,6
1030.0,7
1031.0,5
1032.0,6
1033.0,7
1034.0,6
1035.0,5
1036.0,8
1037.0,4
1038.0,7
1039.0,6
1040.0,9
1041.0,8
1042.0,8
1043.0,8
1044.0,9
1045.0,9
1046.0,8
1047.0,8
1048.0,8
1049.0,8
1050.0,9
1051.0,9
1052.0,8
1053.0,10
1054.0,10
1055.0,7
1056.0,10
1057.0,10
1058.0,8
1059.0,9
1060.0,7
1061.0,4
1062.0,6
1063.0,6
1064.0,5
1065.0,3
1066.0,4
1067.0,5
1068.0,5
1069.0,7
1070.0,4
1071.0,5
1072.0,5
1073.0,4
1074.0,4
1075.0,6
1076.0,5
1077.0,5
1078.0,5
1079.0,5
1080.0,6
1081.0,6
1082.0,5
1083.0,5
1084.0,5
1085.0,5
1086.0,4
1087.0,4
1088.0,5
1089.0,7
1090.0,6
1091.0,6
1092.0,7
1093.0,6
1094.0,6
1095.0,5
1096.0,7
1097.0,5
1098.0,5
1099.0,5
1100.0,6
1101.0,8
1102.0,7
1103.0,8
1104.0,5
1105.0,8
1106.0,5
1107.0,7
1108.0,6
1109.0,6
1110.0,5
1111.0,7
1112.0,6
1113.0,6
1114.0,7
1115.0,7
1116.0,6
1117.0,6
1118.0,7
1119.0,8
1120.0,8
1121.0,6
1122.0,7
1123.0,7
1124.0,4
1125.0,4
1126.0,4
1127.0,5
1128.0,5
1129.0,4
1130.0,5
1131.0,6
1132.0,5
1133.0,5
1134.0,5
1135.0,5
1136.0,6
1137.0,6
1138.0,7
1139.0,6
1140.0,6
1141.0,6
1142.0,6
1143.0,5
1144.0,5
1145.0,5
1146.0,6
1147.0,6
1148.0,6
1149.0,7
1150.0,6
1151.0,7
1152.0,6
1153.0,7
1154.0,8
1155.0,8
1156.0,9
1157.0,9
1158.0,7
1159.0,7
1160.0,7
1161.0,8
1162.0,5
1163.0,6
1164.0,8
1165.0,8
1166.0,10
1167.0,10
1168.0,9
1169.0,7
1170.0,7
1171.0,8
1172.0,7
1173.0,10
1174.0,5
1175.0,6
1176.0,6
1177.0,7
1178.0,6
1179.0,7
1180.0,8
1181.0,8
1182.0,7
1183.0,9
1184.0,8
1185.0,9
1186.0,8
1187.0,8
1188.0,8
1189.0,8
1190.0,7
1191.0,7
1192.0,7
1193.0,7
1194.0,7
1195.0,8
1196.0,7
1197.0,8
1198.0,9
1199.0,6
1200.0,8
1201.0,8
1202.0,6
1203.0,7
1204.0,7
1205.0,7
1206.0,7
1207.0,8
1208.0,7
1209.0,6
1210.0,7
1211.0,6
1212.0,7
1213.0,7
1214.0,5
1215.0,6
1216.0,6
1217.0,5
1218.0,6
1219.0,6
1220.0,7
1221.0,7
1222.0,7
1223.0,7
1224.0,7
1225.0,7
1226.0,7
1227.0,6
1228.0,6
1229.0,7
1230.0,7
1231.0,7
1232.0,8
1233.0,6
1234.0,7
1235.0,7
1236.0,6
1237.0,6
1238.0,6
1239.0,7
1240.0,6
1241.0,7
1242.0,7
1243.0,7
1244.0,6
1245.0,6
1246.0,5
1247.0,5
1248.0,6
1249.0,5
1250.0,7
1251.0,6
1252.0,7
1253.0,7
1254.0,7
1255.0,6
1256.0,6
1257.0,6
1258.0,6
1259.0,6
1260.0,5
1261.0,4
1262.0,4
1263.0,4
1264.0,4
1265.0,7
1266.0,3
1267.0,3
1268.0,5
1269.0,5
1270.0,5
1271.0,5
1272.0,8
1273.0,8
1274.0,6
1275.0,6
1276.0,6
1277.0,5
1278.0,9
1279.0,6
1280.0,6
1281.0,7
1282.0,5
1283.0,6
1284.0,6
1285.0,6
1286.0,6
1287.0,7
1288.0,5
1289.0,6
1290.0,5
1291.0,5
1292.0,6
1293.0,7
1294.0,6
1295.0,6
1296.0,5
1297.0,5
1298.0,5
1299.0,5
1300.0,5
1301.0,4
1302.0,4
1303.0,4
1304.0,4
1305.0,4
1306.0,4
1307.0,5
1308.0,4
1309.0,5
1310.0,4
1311.0,4
1312.0,4
1313.0,4
1314.0,4
1315.0,4
1316.0,4
1317.0,4
1318.0,4
1319.0,4
1320.0,4
1321.0,5
1322.0,4
1323.0,5
1324.0,5
1325.0,5
1326.0,5
1327.0,5
1328.0,5
1329.0,5
1330.0,5
1331.0,4
1332.0,4
1333.0,4
1334.0,5
1335.0,6
1336.0,6
1337.0,7
1338.0,5
1339.0,4
1340.0,5
1341.0,4
1342.0,6
1343.0,5
1344.0,5
1345.0,6
1346.0,7
1347.0,6
1348.0,6
1349.0,6
1350.0,6
1351.0,7
1352.0,6
1353.0,6
1354.0,6
1355.0,6
1356.0,5
1357.0,6
1358.0,5
1359.0,7
1360.0,6
1361.0,6
1362.0,6
1363.0,5
1364.0,6
1365.0,5
1366.0,4
1367.0,4
1368.0,7
1369.0,7
1370.0,6
1371.0,7
1372.0,7
1373.0,6
1374.0,4
1375.0,5
1376.0,6
1377.0,5
1378.0,5
1379.0,8
1380.0,7
1381.0,6
1382.0,5
1383.0,6
1384.0,5
1385.0,5
1386.0,5
1387.0,6
1388.0,6
1389.0,5
1390.0,6
1391.0,6
1392.0,7
1393.0,7
1394.0,6
1395.0,5
1396.0,4
1397.0,5
1398.0,6
1399.0,6
1400.0,6
1401.0,6
1402.0,6
1403.0,7
1404.0,6
1405.0,5
1406.0,6
1407.0,5
1408.0,4
1409.0,5
1410.0,5
1411.0,6
1412.0,5
1413.0,3
1414.0,6
1415.0,5
1416.0,5
1417.0,5
1418.0,4
1419.0,4
1420.0,4
1421.0,5
1422.0,4
1423.0,4
1424.0,6
1425.0,7
1426.0,8
1427.0,5
1428.0,6
1429.0,6
1430.0,4
1431.0,5
1432.0,5
1433.0,5
1434.0,5
1435.0,4
1436.0,4
1437.0,4
1438.0,4
1439.0,5
1440.0,5
1441.0,4
1442.0,4
1443.0,4
1444.0,4
1445.0,4
1446.0,4
1447.0,4
1448.0,4
1449.0,4
1450.0,4
1451.0,5
1452.0,5
1453.0,5
1454.0,5
1455.0,5
1456.0,5
1457.0,5
1458.0,5
1459.0,5
1460.0,5
1461.0,5
1462.0,5
1463.0,4
1464.0,4
1465.0,4
1466.0,3
1467.0,3
1468.0,3
1469.0,3
1470.0,3
1471.0,3
1472.0,3
1473.0,3
1474.0,3
1475.0,3
1476.0,3
1477.0,3
1478.0,3
1479.0,3
1480.0,4
1481.0,5
1482.0,5
1483.0,5
1484.0,4
1485.0,4
1486.0,4
1487.0,5
1488.0,4
1489.0,4
1490.0,4
1491.0,5
1492.0,5
1493.0,6
1494.0,5
1495.0,5
1496.0,5
1497.0,5
1498.0,5
1499.0,5
1500.0,5
1501.0,5
1502.0,4
1503.0,5
1504.0,4
1505.0,4
1506.0,4
1507.0,5
1508.0,4
1509.0,4
1510.0,3
1511.0,4
1512.0,4
1513.0,3
1514.0,5
1515.0,4
1516.0,4
1517.0,5
1518.0,5
1519.0,3
1520.0,5
1521.0,3
1522.0,4
1523.0,3
1524.0,5
1525.0,3
1526.0,3
1527.0,4
1528.0,4
1529.0,3
1530.0,4
1531.0,4
1532.0,4
1533.0,2
1534.0,3
1535.0,6
1536.0,5
1537.0,4
1538.0,4
1539.0,4
1540.0,4
1541.0,4
1542.0,4
1543.0,4
1544.0,2
1545.0,3
1546.0,3
1547.0,3
1548.0,3
1549.0,3
1550.0,4
1551.0,3
1552.0,3
1553.0,3
1554.0,3
1555.0,2
1556.0,3
1557.0,2
1558.0,3
1559.0,3
1560.0,3
1561.0,3
1562.0,3
1563.0,3
1564.0,3
1565.0,3
1566.0,3
1567.0,3
1568.0,3
1569.0,3
1570.0,3
1571.0,4
1572.0,4
1573.0,3
1574.0,4
1575.0,4
1576.0,4
1577.0,3
1578.0,4
1579.0,3
1580.0,4
1581.0,4
1582.0,3
1583.0,3
1584.0,3
1585.0,3
1586.0,3
1587.0,3
1588.0,2
1589.0,2
1590.0,2
1591.0,2
1592.0,2
1593.0,2
1594.0,3
1595.0,3
1596.0,2
1597.0,2
1598.0,5
1599.0,2
1600.0,3
1601.0,3
1602.0,3
1603.0,2
1604.0,4
1605.0,3
1606.0,4
1607.0,4
1608.0,4
1609.0,4
1610.0,4
1611.0,4
1612.0,2
1613.0,2
1614.0,2
1615.0,2
1616.0,3
1617.0,3
1618.0,2
1619.0,2
1620.0,2
1621.0,2
1622.0,1
1623.0,3
1624.0,2
1625.0,2
1626.0,2
1627.0,2
1628.0,2
1629.0,2
1630.0,2
1631.0,3
1632.0,4
1633.0,4
1634.0,3
1635.0,4
1636.0,3
1637.0,3
1638.0,4
1639.0,3
1640.0,2
1641.0,3
1642.0,2
1643.0,2
1644.0,3
1645.0,3
1646.0,3
1647.0,2
1648.0,3
1649.0,2
1650.0,2
1651.0,3
1652.0,4
1653.0,3
1654.0,4
1655.0,5
1656.0,4
1657.0,4
1658.0,4
1659.0,3
1660.0,5
1661.0,2
1662.0,2
1663.0,5
1664.0,5
1665.0,4
1666.0,3
1667.0,4
1668.0,4
1669.0,5
1670.0,5
1671.0,4
1672.0,3
1673.0,3
1674.0,4
1675.0,5
1676.0,4
1677.0,4
1678.0,3
1679.0,3
1680.0,3
1681.0,3
1682.0,3
1683.0,2
1684.0,2
1685.0,4
1686.0,3
1687.0,3
1688.0,4
1689.0,5
1690.0,4
1691.0,5
1692.0,3
1693.0,2
1694.0,3
1695.0,3
1696.0,2
1697.0,2
1698.0,3
1699.0,2
1700.0,2
1701.0,3
1702.0,3
1703.0,3
1704.0,4
1705.0,3
1706.0,4
1707.0,4
1708.0,4
1709.0,5
1710.0,6
1711.0,6
1712.0,5
1713.0,4
1714.0,5
1715.0,5
1716.0,4
1717.0,4
1718.0,4
1719.0,3
1720.0,5
1721.0,3
1722.0,3
1723.0,4
1724.0,3
1725.0,6
1726.0,5
1727.0,5
1728.0,4
1729.0,3
1730.0,3
1731.0,4
1732.0,4
1733.0,5
1734.0,4
1735.0,4
1736.0,3
1737.0,4
1738.0,4
1739.0,4
1740.0,6
1741.0,4
1742.0,5
1743.0,4
1744.0,3
1745.0,4
1746.0,3
1747.0,1
1748.0,4
1749.0,3
1750.0,3
1751.0,3
1752.0,3
1753.0,4
1754.0,4
1755.0,4
1756.0,3
1757.0,4
1758.0,5
1759.0,5
1760.0,4
1761.0,4
1762.0,5
1763.0,5
1764.0,5
1765.0,5
1766.0,5
1767.0,5
1768.0,6
1769.0,7
1770.0,5
1771.0,6
1772.0,5
1773.0,6
1774.0,5
1775.0,5
1776.0,5
1777.0,6
1778.0,6
1779.0,5
1780.0,5
1781.0,4
1782.0,5
1783.0,3
1784.0,4
1785.0,4
1786.0,5
1787.0,5
1788.0,4
1789.0,3
1790.0,6
1791.0,4
1792.0,5
1793.0,6
1794.0,5
1795.0,5
1796.0,6
1797.0,7
1798.0,5
1799.0,5
1800.0,6
1801.0,5
1802.0,5
1803.0,6
1804.0,5
1805.0,5
1806.0,5
1807.0,6
1808.0,5
1809.0,6
1810.0,5
1811.0,5
1812.0,5
1813.0,4
1814.0,6
1815.0,5
1816.0,6
1817.0,5
1818.0,5
1819.0,6
1820.0,6
1821.0,6
1822.0,7
1823.0,5
1824.0,5
1825.0,5
1826.0,4
1827.0,5
1828.0,6
1829.0,5
1830.0,6
1831.0,6
1832.0,6
1833.0,6
1834.0,7
1835.0,6
1836.0,5
1837.0,6
1838.0,6
1839.0,7
1840.0,5
1841.0,4
1842.0,5
1843.0,4
1844.0,6
1845.0,5
1846.0,5
1847.0,5
1848.0,4
1849.0,4
1850.0,4
1851.0,4
1852.0,4
1853.0,4
1854.0,4
1855.0,4
1856.0,4
1857.0,4
1858.0,5
1859.0,4
1860.0,4
1861.0,5
1862.0,5
1863.0,5
1864.0,5
1865.0,5
1866.0,4
1867.0,4
1868.0,5
1869.0,5
1870.0,4
1871.0,4
1872.0,4
1873.0,4
1874.0,5
1875.0,4
1876.0,3
1877.0,3
1878.0,3
1879.0,2
1880.0,2
1881.0,2
1882.0,3
1883.0,3
1884.0,3
1885.0,3
1886.0,5
1887.0,6
1888.0,6
1889.0,4
1890.0,3
1891.0,3
1892.0,2
1893.0,2
1894.0,2
1895.0,3
1896.0,2
1897.0,2
1898.0,2
1899.0,2
1900.0,2
1901.0,3
1902.0,3
1903.0,2
1904.0,3
1905.0,2
1906.0,3
1907.0,3
1908.0,4
1909.0,2
1910.0,2
1911.0,3
1912.0,3
1913.0,3
1914.0,2
1915.0,3
1916.0,2
1917.0,3
1918.0,3
1919.0,4
1920.0,2
1921.0,2
1922.0,2
1923.0,2
1924.0,2
1925.0,2
1926.0,3
1927.0,3
1928.0,5
1929.0,4
1930.0,4
1931.0,3
1932.0,4
1933.0,3
1934.0,4
1935.0,4
1936.0,3
1937.0,3
1938.0,2
1939.0,3
1940.0,3
1941.0,5
1942.0,5
1943.0,4
1944.0,3
1945.0,4
1946.0,4
1947.0,4
1948.0,3
1949.0,4
1950.0,4
1951.0,4
1952.0,3
1953.0,3
1954.0,6
1955.0,4
1956.0,5
1957.0,7
1958.0,7
1959.0,5
1960.0,7
1961.0,6
1962.0,6
1963.0,5
1964.0,6
1965.0,7
1966.0,6
1967.0,7
1968.0,5
1969.0,5
1970.0,4
1971.0,6
1972.0,4
1973.0,4
1974.0,5
1975.0,4
1976.0,5
1977.0,5
1978.0,6
1979.0,5
1980.0,5
1981.0,5
1982.0,5
1983.0,5
1984.0,5
1985.0,5
1986.0,4
1987.0,5
1988.0,4
1989.0,4
1990.0,4
1991.0,4
1992.0,3
1993.0,3
1994.0,3
1995.0,4
1996.0,3
1997.0,4
1998.0,4
1999.0,3
2000.0,4
2001.0,4
2002.0,4
2003.0,4
2004.0,4
2005.0,4
2006.0,4
2007.0,4
2008.0,4
2009.0,4
2010.0,4
2011.0,4
2012.0,4
2013.0,4
2014.0,3
2015.0,3
2016.0,3
2017.0,3
2018.0,3
2019.0,3
2020.0,3
2021.0,4
2022.0,3
2023.0,3
2024.0,4
2025.0,4
2026.0,4
2027.0,4
2028.0,4
2029.0,3
2030.0,3
2031.0,3
2032.0,3
2033.0,3
2034.0,2
2035.0,3
2036.0,2
2037.0,3
2038.0,2
2039.0,2
2040.0,4
2041.0,5
2042.0,3
2043.0,3
2044.0,2
2045.0,3
2046.0,4
2047.0,2
2048.0,3
2049.0,3
2050.0,3
2051.0,3
2052.0,3
2053.0,4
2054.0,4
2055.0,5
2056.0,5
2057.0,4
2058.0,3
2059.0,4
2060.0,4
2061.0,4
2062.0,4
2063.0,4
2064.0,2
2065.0,1
2066.0,4
2067.0,3
2068.0,3
2069.0,2
2070.0,3
2071.0,2
2072.0,3
2073.0,4
2074.0,3
2075.0,3
2076.0,3
2077.0,3
2078.0,3
2079.0,3
2080.0,3
2081.0,3
2082.0,3
2083.0,3
2084.0,4
2085.0,4
2086.0,4
2087.0,4
2088.0,3
2089.0,3
2090.0,4
2091.0,3
2092.0,3
2093.0,3
2094.0,3
2095.0,3
2096.0,3
2097.0,3
2098.0,3
2099.0,3
2100.0,3
2101.0,2
2102.0,2
2103.0,2
2104.0,3
2105.0,3
2106.0,3
2107.0,3
2108.0,3
2109.0,3
2110.0,3
2111.0,3
2112.0,3
2113.0,2
2114.0,2
2115.0,2
2116.0,2
2117.0,2
2118.0,2
2119.0,2
2120.0,2
2121.0,2
2122.0,2
2123.0,2
2124.0,2
2125.0,1
2126.0,1
2127.0,1
2128.0,1
2129.0,2
2130.0,2
2131.0,1
2132.0,1
2133.0,1
2134.0,1
2135.0,1
2136.0,2
2137.0,2
2138.0,2
2139.0,2
2140.0,1
2141.0,2
2142.0,2
2143.0,2
2144.0,1
2145.0,2
2146.0,2
2147.0,1
2148.0,1
2149.0,2
2150.0,1
2151.0,1
2152.0,1
2153.0,1
2154.0,1
2155.0,2
2156.0,2
2157.0,2
2158.0,2
2159.0,1
2160.0,1
2161.0,1
2162.0,1
2163.0,1
2164.0,1
2165.0,2
2166.0,1
2167.0,1
2168.0,1
2169.0,1
2170.0,1
2171.0,1
2172.0,1
2173.0,1
2174.0,1
2175.0,1
2176.0,1
2177.0,1
2178.0,1
2179.0,1
2180.0,3
2181.0,2
2182.0,2
2183.0,2
2184.0,3
2185.0,2
2186.0,2
2187.0,2
2188.0,3
2189.0,4
2190.0,3
2191.0,2
2192.0,2
2193.0,2
2194.0,3
2195.0,3
2196.0,4
2197.0,4
2198.0,4
2199.0,4
2200.0,4
2201.0,4
2202.0,5
2203.0,4
2204.0,4
2205.0,2
2206.0,3
2207.0,4
2208.0,3
2209.0,3
2210.0,5
2211.0,3
2212.0,4
2213.0,3
2214.0,3
2215.0,3
2216.0,3
2217.0,4
2218.0,5
2219.0,6
2220.0,6
2221.0,5
2222.0,5
2223.0,5
2224.0,6
2225.0,5
2226.0,5
2227.0,6
2228.0,5
2229.0,4
2230.0,4
2231.0,3
2232.0,4
2233.0,5
2234.0,4
2235.0,4
2236.0,5
2237.0,5
2238.0,5
2239.0,6
2240.0,4
2241.0,4
2242.0,4
2243.0,4
2244.0,5
2245.0,4
2246.0,4
2247.0,5
2248.0,5
2249.0,4
2250.0,4
2251.0,4
2252.0,4
2253.0,3
2254.0,2
2255.0,2
2256.0,2
2257.0,3
2258.0,2
2259.0,2
2260.0,4
2261.0,3
2262.0,3
2263.0,3
2264.0,4
2265.0,4
2266.0,3
2267.0,2
2268.0,2
2269.0,5
2270.0,5
2271.0,5
2272.0,3
2273.0,3
2274.0,4
2275.0,4
2276.0,4
2277.0,6
2278.0,3
2279.0,6
2280.0,4
2281.0,4
2282.0,3
2283.0,3
2284.0,3
2285.0,4
2286.0,3
2287.0,3
2288.0,2
2289.0,2
2290.0,2
2291.0,5
2292.0,4
2293.0,4
2294.0,3
2295.0,3
2296.0,4
2297.0,5
2298.0,4
2299.0,5
2300.0,4
2301.0,5
2302.0,5
2303.0,4
2304.0,5
2305.0,5
2306.0,5
2307.0,5
2308.0,5
2309.0,5
2310.0,6
2311.0,5
2312.0,5
2313.0,7
2314.0,6
2315.0,5
2316.0,5
2317.0,5
2318.0,5
2319.0,4
2320.0,3
2321.0,4
2322.0,4
2323.0,4
2324.0,4
2325.0,4
2326.0,5
2327.0,4
2328.0,5
2329.0,3
2330.0,4
2331.0,3
2332.0,3
2333.0,4
2334.0,4
2335.0,3
2336.0,3
2337.0,3
2338.0,3
2339.0,3
2340.0,2
2341.0,2
2342.0,3
2343.0,3
2344.0,3
2345.0,4
2346.0,3
2347.0,3
2348.0,4
2349.0,3
2350.0,3
2351.0,4
2352.0,4
2353.0,3
2354.0,5
2355.0,5
2356.0,4
2357.0,3
2358.0,2
2359.0,3
2360.0,5
2361.0,4
2362.0,5
2363.0,5
2364.0,6
2365.0,5
2366.0,5
2367.0,5
2368.0,4
2369.0,4
2370.0,4
2371.0,4
2372.0,4
2373.0,4
2374.0,4
2375.0,4
2376.0,4
2377.0,4
2378.0,4
2379.0,4
2380.0,4
2381.0,3
2382.0,4
2383.0,5
2384.0,4
2385.0,4
2386.0,4
2387.0,6
2388.0,6
2389.0,5
2390.0,5
2391.0,4
2392.0,4
2393.0,4
2394.0,3
2395.0,2
2396.0,4
2397.0,4
2398.0,5
2399.0,5
2400.0,5
2401.0,5
2402.0,5
2403.0,4
2404.0,4
2405.0,4
2406.0,4
2407.0,5
2408.0,5
2409.0,3
2410.0,4
2411.0,4
2412.0,4
2413.0,4
2414.0,5
2415.0,5
2416.0,4
2417.0,4
2418.0,5
2419.0,4
2420.0,5
2421.0,5
2422.0,6
2423.0,5
2424.0,5
2425.0,4
2426.0,4
2427.0,4
2428.0,4
2429.0,4
2430.0,4
2431.0,5
2432.0,4
2433.0,5
2434.0,5
2435.0,4
2436.0,4
2437.0,5
2438.0,4
2439.0,4
2440.0,4
2441.0,4
2442.0,3
2443.0,3
2444.0,3
2445.0,3
2446.0,3
2447.0,3
2448.0,3
2449.0,3
2450.0,3
2451.0,3
2452.0,3
2453.0,3
2454.0,3
2455.0,3
2456.0,3
2457.0,3
2458.0,4
2459.0,3
2460.0,3
2461.0,4
2462.0,5
2463.0,4
2464.0,3
2465.0,5
2466.0,4
2467.0,4
2468.0,4
2469.0,4
2470.0,3
2471.0,3
2472.0,4
2473.0,2
2474.0,2
2475.0,2
2476.0,2
2477.0,2
2478.0,2
2479.0,2
2480.0,2
2481.0,2
2482.0,1
2483.0,2
2484.0,3
2485.0,5
2486.0,5
2487.0,6
2488.0,6
2489.0,7
2490.0,5
2491.0,3
2492.0,3
2493.0,6
2494.0,4
2495.0,3
2496.0,5
2497.0,5
2498.0,5
2499.0,5
2500.0,5
2501.0,6
2502.0,6
2503.0,6
2504.0,4
2505.0,5
2506.0,5
2507.0,4
2508.0,5
2509.0,3
2510.0,2
2511.0,3
2512.0,4
2513.0,4
2514.0,3
2515.0,3
2516.0,4
2517.0,3
2518.0,4
2519.0,4
2520.0,4
2521.0,3
2522.0,4
2523.0,3
2524.0,3
2525.0,3
2526.0,3
2527.0,3
2528.0,3
2529.0,3
2530.0,3
2531.0,4
2532.0,3
2533.0,3
2534.0,3
2535.0,3
2536.0,4
2537.0,2
2538.0,4
2539.0,2
2540.0,3
2541.0,4
2542.0,4
2543.0,6
2544.0,3
2545.0,3
2546.0,4
2547.0,5
2548.0,5
2549.0,5
2550.0,6
2551.0,6
2552.0,6
2553.0,6
2554.0,5
2555.0,4
2556.0,7
2557.0,6
2558.0,6
2559.0,6
2560.0,6
2561.0,7
2562.0,6
2563.0,6
2564.0,5
2565.0,5
2566.0,7
2567.0,7
2568.0,6
2569.0,7
2570.0,7
2571.0,7
2572.0,7
2573.0,7
2574.0,6
2575.0,5
2576.0,5
2577.0,5
2578.0,5
2579.0,6
2580.0,5
2581.0,5
2582.0,5
2583.0,6
2584.0,6
2585.0,6
2586.0,6
2587.0,6
2588.0,6
2589.0,5
2590.0,5
2591.0,5
2592.0,6
2593.0,4
2594.0,6
2595.0,6
2596.0,5
2597.0,7
2598.0,6
2599.0,7
2600.0,5
2601.0,6
2602.0,6
2603.0,6
2604.0,6
2605.0,5
2606.0,7
2607.0,7
2608.0,4
2609.0,4
2610.0,5
2611.0,5
2612.0,5
2613.0,4
2614.0,4
2615.0,5
2616.0,5
2617.0,4
2618.0,4
2619.0,5
2620.0,5
2621.0,5
2622.0,6
2623.0,6
2624.0,6
2625.0,6
2626.0,7
2627.0,4
2628.0,6
2629.0,5
2630.0,5
2631.0,6
2632.0,4
2633.0,4
2634.0,5
2635.0,4
2636.0,5
2637.0,4
2638.0,5
2639.0,6
2640.0,6
2641.0,7
2642.0,5
2643.0,3
2644.0,4
2645.0,7
2646.0,8
2647.0,6
2648.0,7
2649.0,6
2650.0,7
2651.0,5
2652.0,6
2653.0,5
2654.0,5
2655.0,4
2656.0,5
2657.0,4
2658.0,4
2659.0,5
2660.0,4
2661.0,6
2662.0,5
2663.0,6
2664.0,5
2665.0,4
2666.0,5
2667.0,5
2668.0,4
2669.0,6
2670.0,5
2671.0,6
2672.0,5
2673.0,5
2674.0,5
2675.0,5
2676.0,6
2677.0,7
2678.0,6
2679.0,5
2680.0,5
2681.0,6
2682.0,7
2683.0,8
2684.0,7
2685.0,5
2686.0,5
2687.0,4
2688.0,4
2689.0,3
2690.0,3
2691.0,4
2692.0,5
2693.0,4
2694.0,4
2695.0,4
2696.0,6
2697.0,7
2698.0,4
2699.0,4
2700.0,4
2701.0,5
2702.0,5
2703.0,6
2704.0,4
2705.0,4
2706.0,4
2707.0,6
2708.0,6
2709.0,6
2710.0,7
2711.0,7
2712.0,6
2713.0,5
2714.0,5
2715.0,4
2716.0,5
2717.0,5
2718.0,6
2719.0,5
2720.0,6
2721.0,5
2722.0,5
2723.0,5
2724.0,5
2725.0,6
2726.0,6
2727.0,7
2728.0,8
2729.0,7
2730.0,7
2731.0,6
2732.0,7
2733.0,8
2734.0,7
2735.0,7
2736.0,6
2737.0,6
2738.0,6
2739.0,7
2740.0,5
2741.0,5
2742.0,5
2743.0,5
2744.0,4
2745.0,5
2746.0,6
2747.0,5
2748.0,6
2749.0,4
2750.0,4
2751.0,4
2752.0,5
2753.0,6
2754.0,5
2755.0,5
2756.0,6
2757.0,5
2758.0,4
2759.0,4
2760.0,4
2761.0,4
2762.0,4
2763.0,4
2764.0,4
2765.0,4
2766.0,4
2767.0,4
2768.0,4
2769.0,4
2770.0,4
2771.0,4
2772.0,4
2773.0,3
2774.0,3
2775.0,4
2776.0,3
2777.0,3
2778.0,3
2779.0,4
2780.0,4
2781.0,4
2782.0,5
2783.0,4
2784.0,4
2785.0,4
2786.0,4
2787.0,4
2788.0,4
2789.0,5
2790.0,4
2791.0,4
2792.0,4
2793.0,5
2794.0,4
2795.0,4
2796.0,4
2797.0,5
2798.0,4
2799.0,3
2800.0,4
2801.0,5
2802.0,5
2803.0,3
2804.0,5
2805.0,4
2806.0,4
2807.0,5
2808.0,4
2809.0,4
2810.0,4
2811.0,4
2812.0,3
2813.0,3
2814.0,3
2815.0,2
2816.0,2
2817.0,2
2818.0,2
2819.0,3
2820.0,3
2821.0,3
2822.0,2
2823.0,3
2824.0,3
2825.0,3
2826.0,3
2827.0,3
2828.0,2
2829.0,2
2830.0,3
2831.0,3
2832.0,4
2833.0,4
2834.0,3
2835.0,3
2836.0,3
2837.0,4
2838.0,3
2839.0,3
2840.0,3
2841.0,3
2842.0,3
2843.0,4
2844.0,3
2845.0,2
2846.0,3
2847.0,3
2848.0,3
2849.0,3
2850.0,3
2851.0,3
2852.0,3
2853.0,3
2854.0,4
2855.0,5
2856.0,6
2857.0,4
2858.0,3
2859.0,3
2860.0,3
2861.0,3
2862.0,3
2863.0,3
2864.0,3
2865.0,4
2866.0,4
2867.0,4
2868.0,5
2869.0,3
2870.0,4
2871.0,4
2872.0,3
2873.0,5
2874.0,6
2875.0,4
2876.0,3
2877.0,4
2878.0,4
2879.0,4
2880.0,5
2881.0,6
2882.0,4
2883.0,4
2884.0,5
2885.0,3
2886.0,4
2887.0,4
2888.0,4
2889.0,3
2890.0,4
2891.0,3
2892.0,3
2893.0,4
2894.0,3
2895.0,3
2896.0,3
2897.0,3
2898.0,3
2899.0,4
2900.0,3
2901.0,4
2902.0,4
2903.0,4
2904.0,5
2905.0,5
2906.0,3
2907.0,5
2908.0,6
2909.0,7
2910.0,6
2911.0,5
2912.0,5
2913.0,4
2914.0,5
2915.0,5
2916.0,7
2917.0,8
2918.0,5
2919.0,8
2920.0,7
2921.0,4
2922.0,6
2923.0,5
2924.0,6
2925.0,7
2926.0,6
2927.0,6
2928.0,6
2929.0,6
2930.0,5
2931.0,5
2932.0,5
2933.0,6
2934.0,6
2935.0,5
2936.0,5
2937.0,3
2938.0,5
2939.0,5
2940.0,7
2941.0,6
2942.0,7
2943.0,7
2944.0,7
2945.0,7
2946.0,9
2947.0,8
2948.0,7
2949.0,6
2950.0,4
2951.0,6
2952.0,4
2953.0,4
2954.0,3
2955.0,3
2956.0,3
2957.0,4
2958.0,4
2959.0,5
2960.0,5
2961.0,3
2962.0,3
2963.0,3
2964.0,3
2965.0,3
2966.0,4
2967.0,4
2968.0,3
2969.0,4
2970.0,4
2971.0,2
2972.0,3
2973.0,3
2974.0,3
2975.0,4
2976.0,3
2977.0,3
2978.0,3
2979.0,3
2980.0,2
2981.0,3
2982.0,2
2983.0,3
2984.0,3
2985.0,3
2986.0,4
2987.0,4
2988.0,4
2989.0,4
2990.0,4
2991.0,4
2992.0,4
2993.0,5
2994.0,4
2995.0,5
2996.0,5
2997.0,5
2998.0,5
2999.0,5
3000.0,5
3001.0,5
3002.0,5
3003.0,5
3004.0,6
3005.0,5
3006.0,5
3007.0,5
3008.0,5
3009.0,5
3010.0,7
3011.0,6
3012.0,6
3013.0,7
3014.0,6
3015.0,5
3016.0,6
3017.0,4
3018.0,4
3019.0,4
3020.0,6
3021.0,6
3022.0,6
3023.0,5
3024.0,5
3025.0,4
3026.0,5
3027.0,5
3028.0,6
3029.0,5
3030.0,5
3031.0,5
3032.0,5
3033.0,5
3034.0,4
3035.0,7
3036.0,8
3037.0,8
3038.0,5
3039.0,6
3040.0,4
3041.0,6
3042.0,4
3043.0,3
3044.0,4
3045.0,6
3046.0,3
3047.0,6
3048.0,6
3049.0,5
3050.0,5
3051.0,5
3052.0,3
3053.0,3
3054.0,3
3055.0,4
3056.0,4
3057.0,5
3058.0,5
3059.0,4
3060.0,4
3061.0,5
3062.0,6
3063.0,5
3064.0,5
3065.0,6
3066.0,4
3067.0,4
3068.0,5
3069.0,4
3070.0,4
3071.0,5
3072.0,5
3073.0,5
3074.0,6
3075.0,6
3076.0,5
3077.0,7
3078.0,9
3079.0,8
3080.0,8
3081.0,7
3082.0,7
3083.0,5
3084.0,5
3085.0,6
3086.0,6
3087.0,5
3088.0,6
3089.0,6
3090.0,7
3091.0,7
3092.0,7
3093.0,7
3094.0,7
3095.0,7
3096.0,6
3097.0,6
3098.0,6
3099.0,6
3100.0,8
3101.0,8
3102.0,4
3103.0,5
3104.0,5
3105.0,5
3106.0,7
3107.0,7
3108.0,6
3109.0,5
3110.0,7
3111.0,5
3112.0,7
3113.0,6
3114.0,5
3115.0,6
3116.0,5
3117.0,6
3118.0,8
3119.0,5
3120.0,7
3121.0,5
3122.0,7
3123.0,5
3124.0,5
3125.0,6
3126.0,9
3127.0,7
3128.0,6
3129.0,6
3130.0,5
3131.0,5
3132.0,5
3133.0,5
3134.0,5
3135.0,6
3136.0,5
3137.0,7
3138.0,7
3139.0,6
3140.0,7
3141.0,6
3142.0,8
3143.0,7
3144.0,7
3145.0,6
3146.0,6
3147.0,6
3148.0,7
3149.0,6
3150.0,6
3151.0,7
3152.0,8
3153.0,6
3154.0,7
3155.0,8
3156.0,7
3157.0,7
3158.0,5
3159.0,7
3160.0,6
3161.0,5
3162.0,5
3163.0,5
3164.0,5
3165.0,5
3166.0,6
3167.0,5
3168.0,5
3169.0,5
3170.0,7
3171.0,5
3172.0,7
3173.0,7
3174.0,7
3175.0,6
3176.0,7
3177.0,6
3178.0,6
3179.0,6
3180.0,5
3181.0,5
3182.0,6
3183.0,8
3184.0,9
3185.0,7
3186.0,8
3187.0,6
3188.0,7
3189.0,7
3190.0,6
3191.0,6
3192.0,6
3193.0,5
3194.0,4
3195.0,5
3196.0,5
3197.0,8
3198.0,7
3199.0,6
3200.0,5
3201.0,5
3202.0,5
3203.0,5
3204.0,4
3205.0,6
3206.0,5
3207.0,5
3208.0,6
3209.0,5
3210.0,4
3211.0,6
3212.0,8
3213.0,9
3214.0,8
3215.0,5
3216.0,6
3217.0,6
3218.0,7
3219.0,7
3220.0,7
3221.0,5
3222.0,6
3223.0,4
3224.0,5
3225.0,6
3226.0,6
3227.0,7
3228.0,6
3229.0,6
3230.0,5
3231.0,5
3232.0,4
3233.0,6
3234.0,6
3235.0,4
3236.0,5
3237.0,5
3238.0,5
3239.0,8
3240.0,5
3241.0,7
3242.0,6
3243.0,5
3244.0,6
3245.0,5
3246.0,6
3247.0,6
3248.0,6
3249.0,6
3250.0,6
3251.0,4
3252.0,4
3253.0,5
3254.0,6
3255.0,7
3256.0,7
3257.0,6
3258.0,8
3259.0,5
3260.0,5
3261.0,5
3262.0,5
3263.0,5
3264.0,6
3265.0,5
3266.0,5
3267.0,5
3268.0,5
3269.0,5
3270.0,6
3271.0,6
3272.0,5
3273.0,5
3274.0,5
3275.0,6
3276.0,4
3277.0,4
3278.0,4
3279.0,4
3280.0,4
3281.0,3
3282.0,4
3283.0,3
3284.0,5
3285.0,5
3286.0,5
3287.0,5
3288.0,7
3289.0,4
3290.0,6
3291.0,5
3292.0,5
3293.0,5
3294.0,4
3295.0,7
3296.0,6
3297.0,5
3298.0,4
3299.0,5
3300.0,6
3301.0,7
3302.0,7
3303.0,7
3304.0,7
3305.0,7
3306.0,6
3307.0,6
3308.0,6
3309.0,6
3310.0,5
3311.0,5
3312.0,5
3313.0,4
3314.0,6
3315.0,5
3316.0,6
3317.0,6
3318.0,5
3319.0,4
3320.0,3
3321.0,3
3322.0,4
3323.0,3
3324.0,4
3325.0,5
3326.0,5
3327.0,3
3328.0,4
3329.0,5
3330.0,5
3331.0,6
3332.0,5
3333.0,5
3334.0,4
3335.0,5
3336.0,5
3337.0,5
3338.0,6
3339.0,6
3340.0,6
3341.0,5
3342.0,6
3343.0,6
3344.0,5
3345.0,5
3346.0,5
3347.0,5
3348.0,5
3349.0,5
3350.0,5
3351.0,5
3352.0,4
3353.0,6
3354.0,4
3355.0,4
3356.0,4
3357.0,4
3358.0,4
3359.0,4
3360.0,4
3361.0,4
3362.0,4
3363.0,4
3364.0,4
3365.0,5
3366.0,4
3367.0,4
3368.0,4
3369.0,5
3370.0,5
3371.0,5
3372.0,5
3373.0,5
3374.0,5
3375.0,5
3376.0,5
3377.0,5
3378.0,5
3379.0,5
3380.0,5
3381.0,5
3382.0,7
3383.0,6
3384.0,6
3385.0,7
3386.0,5
3387.0,6
3388.0,5
3389.0,5
3390.0,6
3391.0,7
3392.0,7
3393.0,5
3394.0,6
3395.0,5
3396.0,5
3397.0,5
3398.0,5
3399.0,6
3400.0,5
3401.0,7
3402.0,5
3403.0,6
3404.0,6
3405.0,7
3406.0,4
3407.0,7
3408.0,5
3409.0,7
3410.0,8
3411.0,8
3412.0,7
3413.0,7
3414.0,8
3415.0,8
3416.0,8
3417.0,8
3418.0,5
3419.0,7
3420.0,6
3421.0,5
3422.0,6
3423.0,6
3424.0,5
3425.0,5
3426.0,5
3427.0,6
3428.0,6
3429.0,5
3430.0,6
3431.0,5
3432.0,5
3433.0,5
3434.0,5
3435.0,5
3436.0,5
3437.0,5
3438.0,5
3439.0,8
3440.0,7
3441.0,5
3442.0,7
3443.0,6
3444.0,8
3445.0,6
3446.0,6
3447.0,5
3448.0,5
3449.0,6
3450.0,7
3451.0,6
3452.0,6
3453.0,6
3454.0,6
3455.0,6
3456.0,6
3457.0,6
3458.0,6
3459.0,6
3460.0,6
3461.0,6
3462.0,7
3463.0,6
3464.0,6
3465.0,6
3466.0,5
3467.0,5
3468.0,5
3469.0,4
3470.0,5
3471.0,4
3472.0,4
3473.0,4
3474.0,5
3475.0,5
3476.0,4
3477.0,5
3478.0,3
3479.0,3
3480.0,4
3481.0,4
3482.0,6
3483.0,5
3484.0,5
3485.0,5
3486.0,5
3487.0,5
3488.0,5
3489.0,6
3490.0,5
3491.0,5
3492.0,5
3493.0,5
3494.0,5
3495.0,5
3496.0,5
3497.0,4
3498.0,5
3499.0,5
3500.0,4
3501.0,4
3502.0,5
3503.0,8
3504.0,6
3505.0,7
3506.0,8
3507.0,6
3508.0,7
3509.0,5
3510.0,6
3511.0,5
3512.0,5
3513.0,4
3514.0,5
3515.0,4
3516.0,4
3517.0,4
3518.0,4
3519.0,4
3520.0,4
3521.0,4
3522.0,5
3523.0,4
3524.0,4
3525.0,4
3526.0,4
3527.0,4
3528.0,4
3529.0,4
3530.0,6
3531.0,6
3532.0,5
3533.0,4
3534.0,5
3535.0,4
3536.0,5
3537.0,6
3538.0,5
3539.0,5
3540.0,5
3541.0,4
3542.0,5
3543.0,4
3544.0,3
3545.0,5
3546.0,4
3547.0,6
3548.0,5
3549.0,4
3550.0,5
3551.0,5
3552.0,6
3553.0,5
3554.0,5
3555.0,5
3556.0,4
3557.0,4
3558.0,4
3559.0,5
3560.0,5
3561.0,5
3562.0,5
3563.0,4
3564.0,3
3565.0,3
3566.0,3
3567.0,4
3568.0,3
3569.0,3
3570.0,3
3571.0,3
3572.0,3
3573.0,3
3574.0,3
3575.0,3
3576.0,3
3577.0,3
3578.0,3
3579.0,3
3580.0,3
3581.0,3
3582.0,3
3583.0,3
3584.0,3
3585.0,3
3586.0,3
3587.0,3
3588.0,3
3589.0,3
3590.0,3
3591.0,3
3592.0,3
3593.0,3
3594.0,4
3595.0,4
3596.0,5
3597.0,5
3598.0,4
3599.0,4
3600.0,3
3601.0,4
3602.0,4
3603.0,4
3604.0,4
3605.0,3
3606.0,4
3607.0,3
3608.0,4
3609.0,4
3610.0,5
3611.0,5
3612.0,5
3613.0,5
3614.0,4
3615.0,3
3616.0,5
3617.0,4
3618.0,4
3619.0,3
3620.0,4
3621.0,3
3622.0,4
3623.0,3
3624.0,2
3625.0,3
3626.0,3
3627.0,3
3628.0,3
3629.0,3
3630.0,4
3631.0,3
3632.0,3
3633.0,4
3634.0,3
3635.0,3
3636.0,3
3637.0,3
3638.0,3
3639.0,3
3640.0,3
3641.0,3
3642.0,3
3643.0,3
3644.0,4
3645.0,3
3646.0,3
3647.0,4
3648.0,3
3649.0,3
3650.0,2
3651.0,2
3652.0,2
3653.0,2
3654.0,2
3655.0,2
3656.0,3
3657.0,3
3658.0,3
3659.0,2
3660.0,3
3661.0,3
3662.0,2
3663.0,2
3664.0,1
3665.0,1
3666.0,2
3667.0,2
3668.0,1
3669.0,2
3670.0,2
3671.0,2
3672.0,2
3673.0,2
3674.0,1
3675.0,2
3676.0,3
3677.0,2
3678.0,2
3679.0,2
3680.0,2
3681.0,2
3682.0,2
3683.0,2
3684.0,2
3685.0,1
3686.0,2
3687.0,2
3688.0,1
3689.0,1
3690.0,3
3691.0,2
3692.0,2
3693.0,1
3694.0,3
3695.0,3
3696.0,2
3697.0,3
3698.0,3
3699.0,3
3700.0,3
3701.0,2
3702.0,1
3703.0,3
3704.0,2
3705.0,3
3706.0,2
3707.0,2
3708.0,3
3709.0,3
3710.0,2
3711.0,2
3712.0,2
3713.0,1
3714.0,2
3715.0,1
3716.0,1
3717.0,1
3718.0,1
3719.0,0
3720.0,1
3721.0,1
3722.0,1
3723.0,1
3724.0,1
3725.0,0
3726.0,0
3727.0,0
3728.0,1
3729.0,0
3730.0,1
3731.0,1
3732.0,1
3733.0,1
3734.0,2
3735.0,1
3736.0,1
3737.0,1
3738.0,0
3739.0,2
3740.0,0
3741.0,0
3742.0,1
3743.0,1
3744.0,1
3745.0,1
3746.0,1
3747.0,2
3748.0,1
3749.0,1
3750.0,1
3751.0,2
3752.0,2
3753.0,1
3754.0,1
3755.0,1
3756.0,1
3757.0,1
3758.0,1
3759.0,1
3760.0,2
3761.0,3
3762.0,3
3763.0,2
3764.0,2
3765.0,1
3766.0,1
3767.0,1
3768.0,1
3769.0,2
3770.0,2
3771.0,1
3772.0,2
3773.0,2
3774.0,2
3775.0,2
3776.0,2
3777.0,2
3778.0,2
3779.0,1
3780.0,2
3781.0,1
3782.0,1
3783.0,2
3784.0,2
3785.0,1
3786.0,1
3787.0,1
3788.0,1
3789.0,1
3790.0,1
3791.0,1
3792.0,1
3793.0,1
3794.0,1
3795.0,3
3796.0,1
3797.0,2
3798.0,1
3799.0,3
3800.0,2
3801.0,3
3802.0,2
3803.0,2
3804.0,2
3805.0,2
3806.0,2
3807.0,1
3808.0,1
3809.0,3
3810.0,2
3811.0,2
3812.0,2
3813.0,2
3814.0,2
3815.0,3
3816.0,2
3817.0,3
3818.0,3
3819.0,4
3820.0,4
3821.0,3
3822.0,1
3823.0,3
3824.0,5
3825.0,4
3826.0,4
3827.0,3
3828.0,3
3829.0,4
3830.0,4
3831.0,4
3832.0,4
3833.0,3
3834.0,5
3835.0,3
3836.0,1
3837.0,1
3838.0,2
3839.0,2
3840.0,2
3841.0,1
3842.0,1
3843.0,1
3844.0,3
3845.0,2
3846.0,1
3847.0,2
3848.0,2
3849.0,2
3850.0,3
3851.0,3
3852.0,2
3853.0,2
3854.0,2
3855.0,1
3856.0,2
3857.0,2
3858.0,3
3859.0,2
3860.0,2
3861.0,2
3862.0,2
3863.0,2
3864.0,2
3865.0,3
3866.0,2
3867.0,2
3868.0,2
3869.0,2
3870.0,2
3871.0,3
3872.0,2
3873.0,3
3874.0,1
3875.0,2
3876.0,1
3877.0,1
3878.0,3
3879.0,1
3880.0,2
3881.0,1
3882.0,1
3883.0,1
3884.0,2
3885.0,3
3886.0,3
3887.0,2
3888.0,3
3889.0,3
3890.0,4
3891.0,4
3892.0,2
3893.0,4
3894.0,3
3895.0,3
3896.0,3
3897.0,3
3898.0,3
3899.0,3
3900.0,3
3901.0,5
3902.0,3
3903.0,3
3904.0,3
3905.0,2
3906.0,2
3907.0,2
3908.0,2
3909.0,4
3910.0,3
3911.0,3
3912.0,4
3913.0,3
3914.0,3
3915.0,2
3916.0,2
3917.0,2
3918.0,3
3919.0,3
3920.0,2
3921.0,3
3922.0,3
3923.0,2
3924.0,2
3925.0,3
3926.0,2
3927.0,3
3928.0,4
3929.0,2
3930.0,2
3931.0,3
3932.0,2
3933.0,2
3934.0,2
3935.0,3
3936.0,3
3937.0,3
3938.0,4
3939.0,3
3940.0,3
3941.0,2
3942.0,2
3943.0,2
3944.0,3
3945.0,3
3946.0,2
3947.0,2
3948.0,2
3949.0,3
3950.0,2
3951.0,3
3952.0,3
3953.0,4
3954.0,3
3955.0,1
3956.0,2
3957.0,2
3958.0,3
3959.0,2
3960.0,2
3961.0,1
3962.0,1
3963.0,1
3964.0,2
3965.0,2
3966.0,2
3967.0,2
3968.0,3
3969.0,3
3970.0,3
3971.0,3
3972.0,3
3973.0,3
3974.0,3
3975.0,3
3976.0,4
3977.0,4
3978.0,4
3979.0,3
3980.0,4
3981.0,4
3982.0,4
3983.0,4
3984.0,3
3985.0,2
3986.0,2
3987.0,1
3988.0,2
3989.0,2
3990.0,3
3991.0,3
3992.0,3
3993.0,3
3994.0,3
3995.0,2
3996.0,1
3997.0,3
3998.0,2
3999.0,2
4000.0,2
4001.0,2
4002.0,3
4003.0,3
4004.0,3
4005.0,3
4006.0,3
4007.0,3
4008.0,3
4009.0,3
4010.0,3
4011.0,3
4012.0,3
4013.0,3
4014.0,3
4015.0,3
4016.0,3
4017.0,3
4018.0,3
4019.0,3
4020.0,3
4021.0,3
4022.0,3
4023.0,3
4024.0,3
4025.0,3
4026.0,3
4027.0,3
4028.0,3
4029.0,3
4030.0,3
4031.0,4
4032.0,4
4033.0,4
4034.0,3
4035.0,3
4036.0,4
4037.0,4
4038.0,3
4039.0,4
4040.0,5
4041.0,4
4042.0,3
4043.0,2
4044.0,3
4045.0,3
4046.0,5
4047.0,4
4048.0,5
4049.0,4
4050.0,5
4051.0,4
4052.0,5
4053.0,5
4054.0,4
4055.0,4
4056.0,4
4057.0,4
4058.0,2
4059.0,4
4060.0,3
4061.0,4
4062.0,5
4063.0,4
4064.0,6
4065.0,5
4066.0,5
4067.0,5
4068.0,6
4069.0,5
4070.0,5
4071.0,5
4072.0,5
4073.0,6
4074.0,7
4075.0,6
4076.0,7
4077.0,7
4078.0,5
4079.0,6
4080.0,5
4081.0,6
4082.0,6
4083.0,5
4084.0,5
4085.0,6
4086.0,6
4087.0,7
4088.0,6
4089.0,5
4090.0,4
4091.0,4
4092.0,6
4093.0,7
4094.0,7
4095.0,7
4096.0,7
4097.0,5
4098.0,5
4099.0,6
4100.0,6
4101.0,6
4102.0,6
4103.0,6
4104.0,5
4105.0,5
4106.0,4
4107.0,4
4108.0,4
4109.0,4
4110.0,4
4111.0,4
4112.0,4
4113.0,4
4114.0,4
4115.0,4
4116.0,4
4117.0,4
4118.0,4
4119.0,4
4120.0,4
4121.0,4
4122.0,3
4123.0,3
4124.0,4
4125.0,3
4126.0,3
4127.0,3
4128.0,3
4129.0,2
4130.0,4
4131.0,3
4132.0,1
4133.0,1
4134.0,1
4135.0,1
4136.0,3
4137.0,3
4138.0,2
4139.0,2
4140.0,2
4141.0,1
4142.0,1
4143.0,1
4144.0,1
4145.0,1
4146.0,1
4147.0,1
4148.0,1
4149.0,1
4150.0,1
4151.0,2
4152.0,2
4153.0,2
4154.0,2
4155.0,2
4156.0,2
4157.0,2
4158.0,1
4159.0,1
4160.0,1
4161.0,1
4162.0,1
4163.0,2
4164.0,2
4165.0,1
4166.0,2
4167.0,3
4168.0,1
4169.0,3
4170.0,2
4171.0,3
4172.0,3
4173.0,2
4174.0,3
4175.0,2
4176.0,3
4177.0,2
4178.0,3
4179.0,2
4180.0,3
4181.0,3
4182.0,3
4183.0,3
4184.0,3
4185.0,3
4186.0,3
4187.0,3
4188.0,4
4189.0,3
4190.0,4
4191.0,4
4192.0,4
4193.0,3
4194.0,3
4195.0,4
4196.0,3
4197.0,3
4198.0,3
4199.0,3
4200.0,2
4201.0,2
4202.0,2
4203.0,3
4204.0,2
4205.0,2
4206.0,2
4207.0,3
4208.0,3
4209.0,3
4210.0,3
4211.0,4
4212.0,3
4213.0,2
4214.0,2
4215.0,3
4216.0,1
4217.0,1
4218.0,2
4219.0,2
4220.0,1
4221.0,2
4222.0,2
4223.0,2
4224.0,3
4225.0,1
4226.0,1
4227.0,2
4228.0,4
4229.0,4
4230.0,4
4231.0,4
4232.0,4
4233.0,3
4234.0,3
4235.0,3
4236.0,3
4237.0,3
4238.0,4
4239.0,5
4240.0,4
4241.0,4
4242.0,4
4243.0,3
4244.0,3
4245.0,3
4246.0,3
4247.0,3
4248.0,3
4249.0,3
4250.0,4
4251.0,4
4252.0,4
4253.0,4
4254.0,4
4255.0,4
4256.0,4
4257.0,4
4258.0,4
4259.0,4
4260.0,4
4261.0,3
4262.0,2
4263.0,2
4264.0,2
4265.0,2
4266.0,4
4267.0,3
4268.0,2
4269.0,3
4270.0,1
4271.0,3
4272.0,3
4273.0,4
4274.0,4
4275.0,4
4276.0,4
4277.0,4
4278.0,4
4279.0,6
4280.0,4
4281.0,4
4282.0,4
4283.0,4
4284.0,5
4285.0,4
4286.0,2
4287.0,3
4288.0,3
4289.0,4
4290.0,3
4291.0,4
4292.0,4
4293.0,3
4294.0,4
4295.0,3
4296.0,3
4297.0,1
4298.0,2
4299.0,2
4300.0,2
4301.0,2
4302.0,2
4303.0,2
4304.0,4
4305.0,3
4306.0,2
4307.0,2
4308.0,2
4309.0,3
4310.0,3
4311.0,3
4312.0,3
4313.0,3
4314.0,3
4315.0,3
4316.0,4
4317.0,3
4318.0,3
4319.0,3
4320.0,3
4321.0,3
4322.0,3
4323.0,2
4324.0,3
4325.0,1
4326.0,2
4327.0,2
4328.0,1
4329.0,3
4330.0,3
4331.0,2
4332.0,2
4333.0,2
4334.0,2
4335.0,3
4336.0,3
4337.0,3
4338.0,2
4339.0,3
4340.0,3
4341.0,3
4342.0,6
4343.0,5
4344.0,3
4345.0,4
4346.0,2
4347.0,3
4348.0,3
4349.0,3
4350.0,5
4351.0,3
4352.0,3
4353.0,2
4354.0,1
4355.0,1
4356.0,1
4357.0,1
4358.0,1
4359.0,2
4360.0,2
4361.0,2
4362.0,2
4363.0,2
4364.0,3
4365.0,2
4366.0,3
4367.0,3
4368.0,4
4369.0,3
4370.0,4
4371.0,4
4372.0,3
4373.0,4
4374.0,4
4375.0,5
4376.0,4
4377.0,4
4378.0,3
4379.0,4
4380.0,3
4381.0,3
4382.0,2
4383.0,4
4384.0,3
4385.0,3
4386.0,4
4387.0,4
4388.0,3
4389.0,2
4390.0,2
4391.0,3
4392.0,3
4393.0,3
4394.0,3
4395.0,3
4396.0,4
4397.0,3
4398.0,3
4399.0,3
4400.0,3
4401.0,3
4402.0,4
4403.0,4
4404.0,4
4405.0,4
4406.0,3
4407.0,3
4408.0,2
4409.0,3
4410.0,3
4411.0,3
4412.0,3
4413.0,3
4414.0,3
4415.0,4
4416.0,5
4417.0,3
4418.0,5
4419.0,4
4420.0,4
4421.0,5
4422.0,3
4423.0,3
4424.0,4
4425.0,3
4426.0,3
4427.0,3
4428.0,3
4429.0,2
4430.0,3
4431.0,3
4432.0,4
4433.0,2
4434.0,3
4435.0,4
4436.0,3
4437.0,3
4438.0,2
4439.0,2
4440.0,2
4441.0,2
4442.0,3
4443.0,5
4444.0,3
4445.0,3
4446.0,3
4447.0,3
4448.0,4
4449.0,3
4450.0,3
4451.0,6
4452.0,3
4453.0,3
4454.0,4
4455.0,5
4456.0,5
4457.0,5
4458.0,5
4459.0,5
4460.0,6
4461.0,5
4462.0,5
4463.0,6
4464.0,5
4465.0,3
4466.0,3
4467.0,1
4468.0,4
4469.0,3
4470.0,4
4471.0,5
4472.0,4
4473.0,3
4474.0,4
4475.0,5
4476.0,3
4477.0,4
4478.0,4
4479.0,5
4480.0,6
4481.0,4
4482.0,4
4483.0,3
4484.0,5
4485.0,4
4486.0,4
4487.0,4
4488.0,4
4489.0,2
4490.0,2
4491.0,2
4492.0,2
4493.0,2
4494.0,4
4495.0,4
4496.0,5
4497.0,4
4498.0,4
4499.0,3
4500.0,3
4501.0,2
4502.0,2
4503.0,2
4504.0,2
4505.0,2
4506.0,4
4507.0,4
4508.0,7
4509.0,5
4510.0,6
4511.0,6
4512.0,6
4513.0,5
4514.0,7
4515.0,5
4516.0,6
4517.0,6
4518.0,5
4519.0,5
4520.0,5
4521.0,6
4522.0,5
4523.0,6
4524.0,6
4525.0,5
4526.0,4
4527.0,4
4528.0,3
4529.0,3
4530.0,3
4531.0,5
4532.0,5
4533.0,4
4534.0,4
4535.0,5
4536.0,5
4537.0,4
4538.0,5
4539.0,4
4540.0,5
4541.0,5
4542.0,6
4543.0,7
4544.0,6
4545.0,6
4546.0,7
4547.0,6
4548.0,5
4549.0,5
4550.0,5
4551.0,4
4552.0,4
4553.0,4
4554.0,4
4555.0,4
4556.0,5
4557.0,5
4558.0,4
4559.0,4
4560.0,4
4561.0,4
4562.0,4
4563.0,4
4564.0,4
4565.0,5
4566.0,4
4567.0,4
4568.0,5
4569.0,4
4570.0,4
4571.0,4
4572.0,4
4573.0,5
4574.0,5
4575.0,5
4576.0,4
4577.0,4
4578.0,5
4579.0,6
4580.0,5
4581.0,5
4582.0,5
4583.0,5
4584.0,4
4585.0,4
4586.0,4
4587.0,4
4588.0,5
4589.0,5
4590.0,5
4591.0,5
4592.0,5
4593.0,4
4594.0,5
4595.0,4
4596.0,5
4597.0,4
4598.0,4
4599.0,5
4600.0,5
4601.0,5
4602.0,5
4603.0,5
4604.0,4
4605.0,4
4606.0,4
4607.0,5
4608.0,5
4609.0,3
4610.0,4
4611.0,3
4612.0,4
4613.0,5
4614.0,3
4615.0,5
4616.0,4
4617.0,4
4618.0,4
4619.0,5
4620.0,5
4621.0,5
4622.0,5
4623.0,5
4624.0,5
4625.0,5
4626.0,4
4627.0,4
4628.0,4
4629.0,4
4630.0,4
4631.0,4
4632.0,5
4633.0,5
4634.0,4
4635.0,5
4636.0,6
4637.0,6
4638.0,5
4639.0,5
4640.0,5
4641.0,5
4642.0,5
4643.0,5
4644.0,5
4645.0,5
4646.0,6
4647.0,6
4648.0,6
4649.0,6
4650.0,6
4651.0,6
4652.0,6
4653.0,6
4654.0,6
4655.0,6
4656.0,5
4657.0,6
4658.0,4
4659.0,6
4660.0,5
4661.0,5
4662.0,5
4663.0,7
4664.0,8
4665.0,6
4666.0,7
4667.0,7
4668.0,8
4669.0,7
4670.0,7
4671.0,6
4672.0,6
4673.0,7
4674.0,5
4675.0,6
4676.0,6
4677.0,6
4678.0,6
4679.0,7
4680.0,6
4681.0,6
4682.0,6
4683.0,7
4684.0,7
4685.0,7
4686.0,7
4687.0,7
4688.0,7
4689.0,8
4690.0,6
4691.0,7
4692.0,9
4693.0,9
4694.0,8
4695.0,8
4696.0,7
4697.0,4
4698.0,5
4699.0,4
4700.0,4
4701.0,5
4702.0,5
4703.0,5
4704.0,5
4705.0,5
4706.0,5
